{"accuracy": [0.8257285356521606, 0.86445552110672, 0.8991564512252808, 0.904524564743042, 0.9033742547035217, 0.8865030407905579, 0.9183282256126404, 0.9246549010276794, 0.9217791557312012, 0.92695552110672], "auc": [0.8950868844985962, 0.9475719332695007, 0.9639302492141724, 0.9685450792312622, 0.9678645133972168, 0.9670946002006531, 0.9765282869338989, 0.9796839952468872, 0.9790761470794678, 0.9808659553527832], "loss": [0.9035913944244385, 0.3163531720638275, 0.2663835287094116, 0.24373799562454224, 0.25247690081596375, 0.22887219488620758, 0.20795410871505737, 0.1890869438648224, 0.1910037398338318, 0.17549875378608704], "precision": [0.8257285356521606, 0.86445552110672, 0.8991564512252808, 0.904524564743042, 0.9033742547035217, 0.8865030407905579, 0.9183282256126404, 0.9246549010276794, 0.9217791557312012, 0.92695552110672], "recall": [0.8257285356521606, 0.86445552110672, 0.8991564512252808, 0.904524564743042, 0.9033742547035217, 0.8865030407905579, 0.9183282256126404, 0.9246549010276794, 0.9217791557312012, 0.92695552110672], "val_accuracy": [0.5, 0.5, 0.5, 0.6875, 0.875, 0.625, 0.5, 0.5625, 0.5625, 0.5625], "val_auc": [0.5, 0.5, 0.625, 0.81640625, 0.984375, 0.8515625, 0.46875, 0.66015625, 0.7265625, 0.64453125], "val_loss": [73.48063659667969, 75.66032409667969, 2.863936424255371, 0.6840429306030273, 0.26015332341194153, 0.39693596959114075, 11.275223731994629, 2.286343574523926, 0.7163119912147522, 2.417609453201294], "val_precision": [0.5, 0.5, 0.5, 0.6875, 0.875, 0.625, 0.5, 0.5625, 0.5625, 0.5625], "val_recall": [0.5, 0.5, 0.5, 0.6875, 0.875, 0.625, 0.5, 0.5625, 0.5625, 0.5625]}